ID	Domain
0	Psycho-, Socio- and Ethnolinguistics
1	Trade Fairs, Exhibitions, and Shows
2	Various Proper Names
3	Telephone Services
4	Meetings
5	Business and Administrative Documents
6	Statistical Surveys
7	Employment Benefits
8	Social Security and Employment Insurance
9	Various Military Titles
10	Field Artillery
11	Building Names
12	Police
13	Federal Government Bodies and Committees (Canadian)
14	Organizations, Administrative Units and Committees
15	Flight Instruments and Equipment (Aeroindustry)
16	Dredging
17	Loans
18	Analytical Chemistry
19	Food Industries
20	Scientific Measurements and Analyses
21	Drugs and Drug Addiction
22	Games and Competitions (Sports)
23	Informatics
24	General Vocabulary
25	Military (General)
26	Rolling Stock (Railroads)
27	Thermal Insulation
28	Sociology of Old Age
29	Equipment and Tools (Water Supply)
30	Pumps
31	Botany
32	Penal Law
33	Music (General)
34	Names of Events
35	International Honorary Distinctions
36	Oceanography
37	Prizes and Awards (Arts and Culture)
38	Management Operations (General)
39	Federal Administration
40	Titles of Programs and Courses
41	Grain Growing
42	Pricing (Rail Transport)
43	Transport of Goods
44	Finance
45	Conference Titles
46	Historical Names
47	Centesis and Samplings
48	Economic Co-operation and Development
49	Congress Titles
50	Rights and Freedoms
51	Social Problems
52	Public Administration
53	Training of Personnel
54	Market Structure (Trade)
55	Milling and Cereal Industries
56	Farming Techniques
57	Personnel Management
58	Office Automation
59	Organization Planning
60	Advertising
61	Cheese and Dairy Products
62	Cinematography
63	Economic Conditions and Forecasting
64	Military Administration
65	Operations (Air Forces)
66	Sea Operations (Military)
67	Infantry
68	Symbols, Motifs and Ornaments (Arts)
69	Communication (Public Relations)
70	Copyright, Patent and Trademark Law
71	Coining
72	Coins and Bank Notes
73	Numismatics
74	Labour and Employment
75	Social Organization
76	Social Services and Social Work
77	Titles of International Programs
78	Telephony and Microwave Technology
79	Bioengineering
80	Scientific Research Equipment
81	Clinical Psychology
82	Citizenship and Immigration
83	Telephones
84	CBRNE Weapons
85	Marketing
86	Prosthetic Dentistry
87	Forms Design
88	Corporate Economics
89	Environment
90	Government Contracts
91	Taxation
92	Hygiene and Health
93	Titles of National Programs (Canadian)
94	Non-Surgical Treatment
95	Security
96	Urban Housing
97	Program Titles (Armed Forces)
98	Ceremonial and Traditions (Military)
99	Phraseology
100	Photography
101	System Names
102	Peace-Keeping Operations
103	Skiing and Snowboarding
104	Biochemistry
105	Medical and Surgical Equipment
106	Computer Programs and Programming
107	Customs and Excise
108	North American Football
109	Internet and Telematics
110	Titles of Federal Government Programs (Canadian)
111	Cleaning and Maintenance Services
112	Household Cleaning and Maintenance
113	Foreign Trade
114	National and International Economics
115	Titles of Laws and Regulations
116	Offences and crimes
117	Criminology
118	Law of Contracts (common law)
119	Radar, Radio Guidance and Goniometry
120	Radio Transmission and Reception
121	Machinery
122	Sociology (General)
123	Remote Sensing
124	Conferences and Colloquia: Organization
125	Military Occupational Codes - Non-commissionned Members
126	Landing Gear (Aeroindustry)
127	Guns (Land Forces)
128	Office Equipment and Supplies
129	Ecology (General)
130	Remuneration (Personnel Management)
131	Types of Ships and Boats
132	Computer Hardware
133	Financial Accounting
134	Titles of Provincial Government Programs (Canadian)
135	Military Strategy
136	Flowers and Ornamentals (Horticulture)
137	Hunting and Sport Fishing
138	Titles of Non-Governmental Provincial Programs (Canadian)
139	Air Transport
140	Art Supplies
141	Agriculture - General
142	Programming Languages
143	Braking Devices (Mechanical Components)
144	Luge, Bobsledding and Skeleton
145	Aircraft Systems
146	General Hardware
147	Titles of National Programs (Non-Canadian)
148	Operation of Electrical Facilities
149	Saving and Consumption
150	Hotel Services
151	Weapon Systems
152	Museums and Heritage (General)
153	Control Instrumentation (Mechanical Components)
154	Electrical Circuits and Circuit Breakers
155	Paramedical Staff
156	Practice and Procedural Law
157	National and International Security
158	Titles of Federal Laws and Regulations (Canadian)
159	Public Service
160	Sewing (General)
161	Sewing Techniques and Stitching
162	Emergency Management
163	Office-Work Organization
164	Aboriginal Law
165	Beverages
166	Packaging in Glass
167	Geographical Names
168	Historical Park and Site Names
169	Agricultural Economics
170	Air Traffic Control
171	Position Titles
172	Exhibitions (Arts and Culture)
173	Records Management (Management)
174	Information Processing (Informatics)
175	Colloquium Titles
176	Metallurgy - General
177	Mineralogy
178	Communication and Information Management
179	Economics
180	Education
181	Special-Language Phraseology
182	Scientific Research
183	Jib-Type Hoisting Apparatus
184	Insurance
185	International Bodies and Committees
186	Nuclear Fission Reactors
187	Translation (General)
188	Genetics
189	Medical and Hospital Organization
190	Iron and Steel
191	Optical Glass
192	Protective Clothing
193	The Eye
194	Political Science (General)
195	Aircraft Airframe
196	Personnel Management (General)
197	Climate Warming and Ozone Layer
198	Translation
199	Public Sector Budgeting
200	Earthenware
201	Property Law (common law)
202	Plastics Manufacturing
203	Farm Management and Policy
204	Animal Husbandry
205	Ultrasonography
206	Sewing Machines
207	Law of Evidence
208	Constitutional Law
209	Energy Transformation
210	Veterinary Medicine
211	Law of the Sea
212	International Laws and Legal Documents
213	International Public Law
214	Treaties and Conventions
215	Military Communications
216	Recruiting of Personnel
217	Public Administration (General)
218	Crustaceans
219	Marketing Research
220	The Product (Marketing)
221	Diagnostic Procedures (Medicine)
222	Medical Imaging
223	Decision-Making Process
224	Marine and River Navigation Aids
225	Painting (Arts)
226	Computer Mathematics
227	Signalling and Illumination (Air Transport)
228	Pulp and Paper
229	Nervous System
230	Symptoms (Medicine)
231	Floors and Ceilings
232	Nuclear Physics
233	Forestry Operations
234	Aircraft Interiors
235	Commercial Law
236	Goldsmithing and Silversmithing
237	Commercial Aviation
238	Statutes and Regulations (Aircraft)
239	Legal System
240	Management Theory
241	Equipment (Chemistry)
242	Animal Diseases
243	Penal Administration
244	Environmental Economics
245	Respiratory System
246	Horse Husbandry
247	Horse Racing and Equestrian Sports
248	Maneuvering of Ships
249	Banquets and Receptions
250	Types of Aircraft
251	Degrees and Diplomas (Educ.)
252	Legal Documents
253	Computer Graphics
254	Bombs and Grenades
255	International Relations
256	Games and Toys (General)
257	Statistics
258	Perfume and Cosmetics Industry
259	Banking
260	Cargo (Water Transport)
261	Pricing (Water Transport)
262	Auditing (Accounting)
263	Insurance Law
264	Investment
265	Nuclear Power Stations
266	Soil Pollution
267	Production Management
268	IT Security
269	Nuclear Plant Safety
270	Medical Instruments and Devices
271	Personnel and Job Evaluation
272	Tort Law (common law)
273	Clothing Accessories
274	Occupational Health and Safety
275	Decisions (Practice and Procedural Law)
276	Soil Mechanics (Engineering)
277	Walls and Partitions
278	Scientific Instruments
279	Publication and Bookselling
280	Collective Agreements and Bargaining
281	Labour Disputes
282	Human Diseases
283	Air Navigation Aids
284	Arms Control
285	Skating
286	Pricing (Air Transport)
287	Household Articles - Various
288	Injections, Tubing and Transfusions (Medicine)
289	Industrial Crops
290	Spices and Condiments
291	Security Posters and Signs
292	Toxicology
293	Transportation
294	Air Transport Personnel and Services
295	Aircraft Propulsion Systems
296	Parliamentary Language
297	Radiotelephony
298	Propulsion of Water-Craft
299	Submarines (Naval Forces)
300	Graphic Arts and Printing
301	Software
302	Signalling (Rail Transport)
303	Financial and Budgetary Management
304	Ship and Boat Parts
305	Library Science
306	Sports - General
307	Digestive Tract
308	Mining Operations
309	Fabric Nomenclature
310	Social Games
311	Television (Radioelectricity)
312	National Accounting
313	Tourism (General)
314	Quantum Statistics
315	Fires and Explosions
316	Federalism
317	Corporate Management (General)
318	Leadership Techniques (Meetings)
319	Information Theory
320	Collection Items (Museums and Heritage)
321	Glassware
322	Ornamental Glassware
323	Telegraph Codes
324	Hobbies (General)
325	Air Safety
326	Kitchen Utensils
327	Signage
328	Technical Textiles
329	Textile Industries
330	Tools and Equipment (Textile Industries)
331	Medication
332	Currency and Foreign Exchange
333	Military Training
334	Clothes Cleaning and Dyeing Services
335	Workplace Organization
336	Electoral Systems and Political Parties
337	Golf
338	Administration (Aboriginals)
339	Horticulture
340	Seed Plants (Spermatophyta)
341	Epidemiology
342	Place Names (outside Canada)
343	Proverbs and Maxims
344	Chemical Elements and Compounds
345	Pharmacology
346	Rubber
347	War and Peace (International Law)
348	Titles of National Laws and Regulations (Non-Canadian)
349	Agricultural Chemicals
350	Crop Protection
351	Explosives and Pyrotechnical Materials (Industries)
352	Food Additives
353	Drug and Beverage Crops
354	Chemistry
355	Dyes and Pigments (Industries)
356	Fatty Substances (Food)
357	Electronic Devices
358	Antique Furniture (Museums and Heritage)
359	Art History and Theory
360	Form Titles (Armed Forces)
361	Non-Lethal Weapons
362	Corporate Structure
363	Tobacco Industry
364	Additives and Fillers (Rubber)
365	Plastics Industry
366	Insects, Centipedes, Spiders, and Scorpions
367	Language Problems
368	Ceramics (Industries)
369	Heraldry
370	Metallography
371	Ship's Aircraft (Military)
372	Atmospheric, Climatic and Meteorological Phenomena
373	Road Transport
374	Urban Sites
375	Acoustics (Physics)
376	Commercial Fishing
377	Seafood and Freshwater Food (Food Industries)
378	Meats and Meat Industries
379	Electronic Warfare
380	Encryption and Decryption
381	Intelligence (Military)
382	Weightlifting
383	Titles of Monographs
384	Geology
385	Various Metal Ores
386	Petrography
387	Geochemistry
388	Economic Geology
389	Measurements of Electricity
390	Biological Sciences
391	Lexicology, Lexicography, Terminology
392	Metals Mining
393	Surgery
394	Tectonics
395	Air Space Control
396	Shooting (Sports)
397	Small Arms
398	Guns (Naval)
399	Seminar Titles
400	Codes (Software)
401	Electrical Engineering
402	Hydrology and Hydrography
403	Meteorology
404	Geological and Other Scientific Names
405	Radioactive Ores (Mining)
406	Air Forces
407	Air Materiel Maintenance
408	Units (Regular Force, Armed Forces)
409	Units (Reserve, Armed Forces)
410	Units (Obsolete Titles, Armed Forces)
411	Publication Titles (Armed Forces)
412	Military Titles
413	Chaplain Service (Military)
414	Position and Functional Titles (Armed Forces)
415	Military Finances
416	General Conduct of Military Operations
417	Military Police
418	Food Services (Military)
419	Badges and Instruments of Identification
420	Public Relations
421	Medical and Dental Services (Military)
422	Land Forces
423	Field Engineering (Military)
424	Construction Engineering (Military)
425	Packaging in Plastic
426	Waste Management
427	Electromagnetic Radiation
428	Pleasure Boating and Yachting
429	Combat Support
430	Tactical Operations (Air Forces)
431	Titles of NATO Publications
432	Knitted and Stretch Fabrics
433	Knitting Techniques - Various
434	Pipes and Fittings
435	Quality Control (Management)
436	Spacecraft
437	Types of Paper
438	Fish
439	Helicopters (Military)
440	Military Organization
441	Federal Laws and Legal Documents
442	Fine Arts (General)
443	Brush, Prairie and Forest Fires
444	Fire Detection
445	Properties of Fuels
446	Pollutants
447	Cosmetology
448	Plastic Materials
449	Educational Psychology
450	Personality Development
451	Fire-Fighting and Rescue Equipment
452	Refrigerating Machines and Appliances
453	Soils (Agriculture)
454	Biotechnology
455	Blasting Work (Mining)
456	Swimming
457	Paddle Sports
458	Biomass Energy
459	Environmental Studies and Analyses
460	Endocrine System and Metabolism
461	Transmission Systems (Motor Vehicles and Bicycles)
462	Trucking (Road Transport)
463	Real Estate
464	Soil Improvement and Fertilizer Management
465	Dietetics
466	Radiography (Medicine)
467	Physical Fitness Training and Bodybuilding
468	Telephone Facilities
469	Freezing and Refrigerating
470	Radiological Physics (Theory and Application)
471	Earth-based Stations
472	Antifreeze Products
473	Diesel Motors
474	Optics
475	Photoelectricity and Electron Optics
476	Sports and Casual Wear
477	Aquaculture
478	Magnetic Resonance Imaging
479	Culture of Fruit Trees
480	Silviculture
481	Taps and Plumbing Accessories
482	Astronautics
483	Atomic Physics
484	Track and Field
485	Baby and Child Care
486	Motor Vehicles and Bicycles
487	Combined-Events Contests
488	Atmospheric Physics
489	Operating Systems (Software)
490	General Medicine, Hygiene and Health
491	Reprography
492	Electric Rotary Machines
493	Technical Aids for Persons with Disabilities
494	Education (General)
495	Organized Recreation (General)
496	Private-Sector Bodies and Committees
497	Heritage
498	Aerodynamics and Theory of Gases
499	Festivals, Carnivals and Social Events
500	Wind Instruments
501	Wool Industry
502	Census
503	Honorary Distinctions
504	Working Practices and Conditions
505	Labelling (Packaging)
506	Regulations and Standards (Food)
507	Cotton Industry
508	Bedding
509	Audio Technology
510	Water Transport
511	Oscillators and Oscillating Circuits (Electronics)
512	Trade
513	Trade Names
514	Synthetic Fabrics
515	Aeronautical Engineering and Maintenance
516	Joining Elements (Mechanical Components)
517	Search and Rescue (Paramilitary)
518	Micrographics
519	Aircraft Piloting and Navigation
520	Diving
521	Sports Equipment and Accessories
522	Political Geography and Geopolitics
523	Electronics
524	Veterinary Equipment
525	Waveguides
526	Protection of Life
527	Curling
528	Electrodiagnosis
529	The Heart
530	Mountain Sports
531	Antique and Obsolete Weapons
532	Blood
533	Ovens, Furnaces and Boilers (Heating)
534	Singing
535	Electronic Commerce
536	Armour
537	Visual Disorders
538	Cannons (Aircraft)
539	Bowling, Billiards and Other Ball Games
540	Jewellery
541	Accommodation (Military)
542	Hand Tools
543	Computer Peripheral Equipment
544	National Bodies and Committees (Canadian)
545	Audiovisual Techniques and Equipment
546	Social Movements
547	Television Arts
548	Switchgear (Rail Transport)
549	Computers and Calculators
550	Traction (Rail)
551	Diamond Industry
552	Industrial Tools and Equipment
553	Electrolysis (Electrokinetics)
554	Scientific Research Facilities
555	Field Hockey
556	Veterinary Drugs
557	Nuclear Science and Technology
558	Roller Skating and Skateboarding
559	Cutting and Thrusting Weapons
560	Military Decorations
561	Economic History
562	Mining Rights and Concessions
563	Convention Titles (Meetings)
564	Law of Obligations (civil law)
565	Sciences - General
566	Sociology of persons with a disability
567	Long-Distance Pipelines
568	Clothing (Military)
569	Actuarial Practice
570	Private Law
571	Territories (Aboriginals)
572	Card Games
573	Titles of Provincial and Territorial Laws and Regulations (Canadian)
574	Viral Diseases
575	Performing Arts
576	Patents (Law)
577	Special Road Transport
578	Symposium Titles
579	Zoology
580	Municipal Administration
581	Summit Titles
582	Coast Guard
583	Environmental Management
584	School and School-Related Administration
585	Water Pollution
586	Sports (General)
587	Financial Institutions
588	Provincial Government Bodies and Committees (Canadian)
589	Diplomacy
590	Cardiovascular System
591	Team Sports (General)
592	Cartography
593	Cancers and Oncology
594	Official Documents
595	Men's Clothing
596	Air Defence
597	Signals (Military)
598	Social Policy
599	Military Equipment Maintenance
600	Types of Motor Vehicles and Bicycles
601	Applications of Automation
602	Artificial Intelligence
603	Textile Weaving (Textile Industries)
604	Engineering Tests and Reliability
605	Combat Sports
606	Basketball
607	Motors (Machinery)
608	Accounting
609	Pharmacy
610	Anesthesia and Recovery
611	Petrochemistry
612	Treatment of Wood
613	Wood Products
614	Textiles: Preparation and Processing
615	Microbiology and Parasitology
616	Aeroindustry
617	Geothermal Power Plants
618	Steam-Powered Machines and Condensers
619	Cytology
620	Tunnels, Overpasses and Bridges
621	Railroad Maintenance
622	Natural Gas and Derivatives
623	Paints and Varnishes (Industries)
624	Water Polo
625	Electric Power Distribution
626	Electric Power Stations
627	Thread Spinning (Textiles)
628	Gemmology
629	Leatherworking Tools and Equipment
630	Electrical Equipment (Motor Vehicles)
631	Motor Vehicle and Bicycle Accessories
632	Burners and Steamfitting
633	Mechanics
634	Immunology
635	Mechanical Construction
636	Pest Control Equipment
637	Tillage Operations (Agriculture)
638	Missiles and Rockets
639	Air Pollution
640	Gymnastics and Trampoline
641	Social Psychology
642	General Scientific and Technical Vocabulary
643	Racquet Sports
644	Special Rail Transport
645	Regulations (Water Transport)
646	Reproduction (Medicine)
647	Urban Studies
648	Contests (Recreation)
649	Plastic Arts
650	Names of Special Years, Weeks, Days
651	Execution of Work (Construction)
652	Surveys (Public Relations)
653	Physical Education, Coaching and Sport Psychology
654	Rail Traffic Control
655	Cycling
656	Sports Facilities and Venues
657	Arts and Culture
658	Etiquette and Protocol (General)
659	Taxation Law
660	Industry/University Relations
661	Meetings and Assemblies (Administration)
662	Sociology
663	Modernization of Military Equipment
664	Education Theory and Methods
665	Scientific Co-operation
666	Place Names (Canada)
667	Passenger Service (Rail Transport)
668	Air Communications (Air Forces)
669	Transport of Oil and Natural Gas
670	Customer Relations
671	Video Technology
672	Information Sources (Journalism)
673	Measuring Instruments
674	Health Institutions
675	Supply (Military)
676	Federal Government Honorary Distinctions
677	Nutritive Elements (Biological Sciences)
678	Cranes (Hoisting and Lifting)
679	Closing Devices and Nozzles (Mechanical Components)
680	Rolling and Suspension Components (Railroad)
681	Magnetic Materials and Ferromagnetism
682	Industries - General
683	Coupling Systems (Railroad)
684	Types of Concrete
685	Occupation Names (General)
686	Simulation (Cybernetic Systems)
687	Minesweeping and Minehunting
688	Radio Waves
689	Military Logistics
690	Electronic Defects and Failures
691	Energy (Physics)
692	Space Centres
693	Naval Forces
694	Transformers
695	Signalling (Road Transport)
696	Nonferrous Metals and Alloys - Various
697	Water Treatment (Water Supply)
698	Plant Biology
699	Volleyball
700	Handball
701	Stationary Airport Facilities
702	Industrial and Economic Psychology
703	Model and Figure Making (Hobbies)
704	Computer Memories
705	Mathematical Geography
706	Electric Cables
707	Machine-Tooling (Metallurgy)
708	Geological Research and Exploration
709	Oil and Natural Gas Extraction
710	Chemical Engineering
711	Black Products (Petroleum)
712	Genitourinary Tract
713	Air Conditioning and Heating
714	Eye Surgery
715	Prostheses
716	Electrical Power Supply
717	Safety (Water Transport)
718	Metal Rolling
719	Geophysics
720	Oil Production
721	Curtains and Blinds
722	Rail Transport
723	Computer Display Technology
724	Plumbing Fixtures
725	Electrical Wiring (Building Elements)
726	Motorized Sports
727	Home Furniture
728	Hotel Equipment
729	Gears and Friction Wheels
730	Household Utensils and Appliances (General)
731	Productivity and Profitability
732	Sales (Marketing)
733	Government Accounting
734	Stock Exchange
735	Special Water Transport
736	Airfields
737	Road Maintenance
738	Electrical Appliances and Equipment
739	Music
740	Breadmaking
741	Management Operations
742	Tracked Vehicles (Military)
743	Wheeled Vehicles (Military)
744	Industrial Design
745	Industrial Techniques and Processes
746	Packaging
747	Defence Planning and Military Doctrine
748	Radiotherapy
749	Lasers and Masers
750	Dashboards and Instrumentation (Motor Vehicles)
751	Launching and Space Maneuvering
752	Titles of Private-Sector Programs
753	Combat Systems (Naval Forces)
754	Muscles and Tendons
755	Intergovernmental Bodies and Committees
756	Sociology of Human Relations
757	Engineering
758	Course Titles (Armed Forces)
759	Annuities (Insurance)
760	Sugar Industry
761	Forwarding, Folding, and Binding (Printing)
762	Mobile Hoisting Apparatus
763	Paperboard
764	Machine Shafts, Journals and Swivels
765	Printing Machines and Equipment
766	Brewing and Malting
767	Jazz
768	Security Devices
769	Skydiving, Paragliding and Hang Gliding
770	Clocks, Watches and Bells
771	Types of Wood
772	Wood Sawing
773	Printed Circuits and Microelectronics
774	History (General)
775	Military Exercises
776	Job Descriptions
777	Military Transportation
778	Copper Mining
779	Geological Prospecting
780	Seismic Prospecting
781	Engines (Motor Vehicles)
782	Theatre and Opera
783	Christian Theology
784	Amplifiers (Electronics)
785	Work Clothes
786	Applications of Electronics
787	Doors, Windows and Openings (Building Elements)
788	Pensions and Annuities
789	Renewable Energy
790	Military Equipment
791	Lotteries
792	Welding and Soldering (Metals)
793	Sea and River Traffic
794	Hydroelectric Power Stations
795	Meteorological Forecasting, Data Measurement and Analysis
796	Equipment and Facilities (Recreation)
797	Pools
798	Committees and Boards (Admin.)
799	Molecular Biology
800	Plant and Crop Production
801	Pigments and Colours (Arts)
802	Facilities and Equipment (Wood Industries)
803	Orbital Stations
804	Optical Instruments
805	Copper and Copper Alloys (Metallurgy)
806	Mass Transit
807	Period Costumes (Museums and Heritage)
808	Cybernetic Systems
809	Legal Profession: Organization
810	River and Sea Navigation
811	Military Materiel Management
812	Laws and Legal Documents
813	Letterpress (printing methods)
814	Lithography, Offset Printing and Collotype
815	Milling (Machine-Tooling)
816	First Aid
817	Search and Rescue (Aircraft)
818	Epidermis and Dermis
819	Telephone Switching
820	Life Cycle (Informatics)
821	Military Dress
822	National Bodies and Committees (Non-Canadian)
823	Cutting and Trimming (Machine-Tooling)
824	Negotiable Instruments (Commercial Law)
825	Biophysics
826	Building Hardware
827	Storage Media (Data Processing)
828	Electrochemistry
829	International Law
830	Document Classification (Library Science)
831	Industrial Establishments
832	Refining of Metals
833	Construction Standards and Regulations
834	Sociology of the Family
835	Labour Relations
836	Tourism Publicity
837	Political Institutions
838	Maritime Law
839	History
840	Tourism
841	Types of Documentation (Library Science)
842	Clothing (General)
843	Copyright
844	Christian Liturgy
845	Literature
846	Industrial Standardization
847	Travel Agencies
848	Pharmaceutical Manufacturing
849	Operations Research and Management
850	Exhibition Themes  (Museums and Heritage)
851	Demography
852	Market Prices
853	Museums
854	Administrative Law
855	Sociology of Communication
856	Ecosystems
857	Aboriginal Sociology
858	Effects of Pollution
859	Titles of Intergovernmental Programs
860	Water Resources Management
861	Population Movements
862	Political Science
863	Loads and Weights (Transport.)
864	Pregnancy, Reproduction and Perinatal Period
865	Road Safety
866	Safety Equipment (Motor Vehicles and Bicycles)
867	Vessels (Medicine)
868	Examinations and Competitions (Education)
869	Psychology (General)
870	Cooking and Gastronomy
871	Climatology
872	Human Behaviour
873	Fire Prevention
874	Cost Accounting
875	Combustion and Fuels (Fireplaces)
876	Trademarks (Law)
877	Pollution (General)
878	Road Networks
879	History of Technology
880	Museums and Heritage
881	Shipbuilding
882	Medical Staff
883	Oriental Religions
884	Language Rights
885	Toponymy
886	Translation and Interpretation
887	Titles of Courses
888	Library Science (General)
889	Anthropology
890	Service Industries
891	Wood Industries
892	Culture (General)
893	Systems Analysis (Information Processing)
894	Continuing Education
895	Radio Arts
896	Various Industries
897	Specialized Vocabulary and Phraseologism of Sports
898	Oral Presentations
899	Sociology of Medicine
900	Board Games
901	Historical Persons
902	Mental Disorders
903	Family Law (common law)
904	Psychology
905	Dentistry
906	Gas Industry
907	White Products (Petroleum)
908	Educational Institutions
909	The Press (News and Journalism)
910	Organized Recreation
911	Ethics and Morals
912	Parks and Botanical Gardens
913	Cattle Raising
914	Psychometry and Psychotechnology
915	Birds
916	News and Journalism
917	Lubrication Technology
918	Exploration (History)
919	Protection of Farm Animals
920	Applied Arts (General)
921	Cells and Batteries
922	Data Banks and Databases
923	Fire Safety
924	Egg Industry
925	Poultry Production
926	Hoisting and Lifting
927	Soil Science
928	General Medicine
929	Scholarships and Research Grants
930	Driving (Road Vehicles)
931	Economic Doctrines, Systems and Policies
932	Archeology
933	Scientific Information
934	Vacuum Tubes (Electronics)
935	Tourist Lodging
936	Civil Engineering
937	Architecture
938	Statistical Graphs and Diagrams
939	Government Positions
940	Electronic Components
941	Suspension Systems (Motor Vehicles and Bicycles)
942	Inventory and Material Management
943	Drainage and Irrigation (Agric.)
944	Materials Engineering
945	Roofs (Building Elements)
946	Cranes (Construction Sites)
947	Building Elements
948	Scaffolding
949	Construction of Boreholes (Mining)
950	Mining Equipment and Tools
951	Freight Service (Rail Transport)
952	Pets
953	Structural Framework
954	Trailers and Hauling
955	Noise Pollution
956	Lamp Components
957	Lighting
958	Sonar and Underwater Detection (Military)
959	Locks and Locksmithing
960	Telephone Metering
961	Alternators
962	Parasitoses
963	Statutes and Regulations (Rail Transport)
964	Rental Agencies
965	Electrical Measuring Equipment
966	Metals Treatment
967	Electrical Networks
968	Electric Currents
969	Rectifiers (Electricity)
970	Lamps
971	Dynamos
972	Special Packaging
973	Insurance Companies
974	Animal Breeding
975	Animal Reproduction
976	Union Organization
977	Servicing and Maintenance (Motor Vehicles and Bicycles)
978	Commercial Utilization (Oil and Natural Gas)
979	Nurseries (Farming)
980	Planting Techniques (Farming)
981	Drawing
982	Non-Gov. Provincial Bodies and Committees (Canadian)
983	Hearing
984	Installations and Equipment (Museums and Heritage)
985	Military Law
986	Language Teaching
987	Surveillance, Detection and Reconnaissance (Military)
988	Information Technology (Informatics)
989	Plant Diseases
990	Vegetable Crop Production
991	Flights (Air Transport)
992	Counter-Measures (Military operations)
993	Testing and Debugging
994	Combined Forces (Military)
995	Weapon Systems (Air Forces)
996	CBRNE Operations
997	Aerospace Equipment (Military)
998	Ground Installations (Air Forces)
999	Military Tactics
1000	Air Freight
1001	Paper Sizes
1002	Animal Feed (Agric.)
1003	Modern Construction Methods
1004	Occupational Bodies and Committees
1005	Military Occupational Codes - Officers
1006	Areal Planning (Urban Studies)
1007	Physical Geography
1008	The Skin
1009	Braking Systems (Motor Vehicles and Bicycles)
1010	Freeze-Drying
1011	Measuring Instruments (Engineering)
1012	Space Physics
1013	Electrical Convertors
1014	Electrical Component Manufacturing Equipment
1015	Insulators and Supporting Materials (Electr.)
1016	Arc Welding
1017	Facilities and Equipment (Metal Joining)
1018	National Honorary Distinctions (Canadian)
1019	Orthodontics
1020	Titles of NATO Committees
1021	Titles of NATO Bodies
1022	Call Distribution Systems
1023	Research Experiments in Space
1024	Astronomy
1025	Pulp Preparation (papermaking)
1026	Health Insurance
1027	Rail Transport Operations
1028	Corporate Management
1029	Orthopedic Surgery
1030	Economic Planning
1031	Titles of International Laws and Regulations
1032	Humanities and Social Sciences (General)
1033	Transportation Equipment (General)
1034	Sociology of Childhood and Adolescence
1035	Performing Arts (General)
1036	Surveillance and Formalities (Air Transport)
1037	Construction
1038	Management Control
1039	Courts
1040	Advertising Agencies and Services
1041	Telegraphy
1042	Glaciology
1043	Government Bodies and Committees (Non-Canadian)
1044	Steel
1045	Boxing
1046	Pregnancy
1047	Municipal Government Honorary Distinctions
1048	Private-Sector Positions
1049	Regional and Municipal Gov. Bodies and Committees
1050	Sexology
1051	Health Law
1052	Ship Communications (Military)
1053	Sculpture
1054	Radio Broadcasting
1055	Photoengraving
1056	Biogeography
1057	Advanced Technology Weapons
1058	Weather Stations and Meteorological Instruments and Equipment
1059	Occupational Training
1060	Musculoskeletal System
1061	Metal Processing
1062	Steelmaking
1063	Demolition (Military)
1064	Land Mines
1065	Travel Articles (Tourism)
1066	Batteries and Alternators (Motor Vehicles)
1067	Economic and Industrial Sociology
1068	Private-Sector Honorary Distinctions
1069	Wastewater Treatment
1070	Bacterial Diseases
1071	Food Safety
1072	Crude Oil and Petroleum Products
1073	Technical Documents (Industries)
1074	Ground Equipment (Airports)
1075	Aircraft Maneuvers
1076	Navigation Instruments
1077	Econometrics
1078	Rural Planning (Agriculture)
1079	Vehicle Parking
1080	Philosophy (General)
1081	Types of Trade Goods
1082	Refrigeration Engineering
1083	Scientific Research Methods
1084	Space Exploration Equipment and Tools
1085	Oil and Natural Gas Distribution
1086	Metrology and Units of Measure
1087	Typesetting and Imagesetting
1088	Communications Law
1089	Data Transmission
1090	Flight Simulators (Aeroindustry)
1091	Launchers (Astronautics)
1092	Mechanical Components
1093	Airport Runways and Areas
1094	Commercial and Other Bodies (Law)
1095	Boring and Drilling (Mines)
1096	Names of Native Peoples
1097	Mining Dangers and Mine Safety
1098	Provincial Administration
1099	Mining Engineering
1100	Anti-pollution Measures
1101	Slaughterhouses
1102	Islamism
1103	Sociology of Women
1104	Probability (Statistics)
1105	Mammals
1106	Commercial Practice (Hotels)
1107	Inhabitant Names and Ethnonyms (Canada)
1108	Precious Stones (Mining)
1109	Religion (General)
1110	Inhabitant Names and Ethnonyms (outside Canada)
1111	Water Supply
1112	Rehabilitation (Medicine)
1113	Asbestos Mining
1114	Nickel and Cobalt Mining
1115	Urban Planning
1116	Aboriginal Arts and Culture
1117	Industry-Government Relations (Econ.)
1118	General (Aboriginals)
1119	Aboriginals
1120	The Pancreas
1121	Commercial Establishments
1122	Martial Arts
1123	News and Journalism (General)
1124	Radioelectricity
1125	Special Education
1126	Organizations and Associations (Admin.)
1127	Fine Arts
1128	Human Diseases - Various
1129	Surgical Instruments
1130	Solar Energy
1131	Sociology of Ideologies
1132	Chiropractic
1133	Ocean Energy
1134	Holidaying
1135	Applied Arts
1136	Peat and Peat Bogs
1137	Physiotherapy
1138	Landscape Architecture
1139	Lichens
1140	Ferns and Fern Allies
1141	Chronology
1142	Paleontology
1143	Medicinal Plants
1144	Water Heaters and Softeners (Household)
1145	Electronic Systems
1146	Language (General)
1147	Naval Equipment
1148	Auxiliary Vessels (Naval Forces)
1149	Merchandising Techniques
1150	Public Property
1151	Fire, Accidents, Miscellaneous Risks (Insur.)
1152	Forage Crops
1153	Bird Watching (Hobbies)
1154	Perinatal Period
1155	Building Management and Maintenance
1156	Pricing (Road Transport)
1157	Restaurant Industry (General)
1158	Layout of the Workplace
1159	Administrative Structures (Publ. Admin.)
1160	Municipal Law
1161	Audiovisual Journalism
1162	Fungi and Myxomycetes
1163	Diagnostic Aids (Psychology)
1164	Lignite, Graphite and Coal Mining
1165	Industrial Ceramics
1166	Powder Metallurgy
1167	Environmental Law
1168	Personal Esthetics
1169	Oil Drilling
1170	Labour Law
1171	Acoustic Warfare
1172	Mine Warfare
1173	Musicology
1174	Titles of Government Programs (Non-Canadian)
1175	Geomorphology and Geomorphogeny
1176	Marine Biology
1177	Sewers and Drainage
1178	PAJLO (PROTECTED RECORDS)
1179	Quebec Laws and Legal Documents
1180	The Legislature (Constitutional Law)
1181	Statutes and Regulations (Transportation)
1182	Property Law (civil law)
1183	Legal Actions
1184	Rules of Court
1185	Provincial Government Honorary Distinctions
1186	Sponges, Hydrozoans and Jellyfish
1187	Transfer of Personnel
1188	Solid Fossil Fuels
1189	Production (Economics)
1190	Weapon Systems (Naval Forces)
1191	Glass Industry
1192	Work Study
1193	Status of Persons (Private Law)
1194	Work and Production
1195	Surveying Techniques
1196	Building Insulation and Acoustical Design
1197	Clothing
1198	Acupuncture
1199	International Criminal Law
1200	Language
1201	Economic Fluctuations
1202	Banks (Medicine)
1203	Types of Constructed Works
1204	National Policies
1205	Library Operations
1206	Fluid Mechanics and Hydraulics (Physics)
1207	Mental health and hygiene
1208	Organic Farming
1209	Plasma Physics
1210	Electromagnetism
1211	Corporate Security
1212	Physical Geography (General)
1213	Public Utilities (Civil Engineering)
1214	Cost of Living
1215	Urban Development
1216	Restrictive Practices (Law)
1217	Mineral Prospecting
1218	Vulcanology and Seismology
1219	Domestic Trade
1220	Thermodynamics
1221	Ports
1222	Iron and Manganese Mining
1223	Construction Materials
1224	Standards and Regulations (Electrical)
1225	Physics
1226	Heat (Physics)
1227	General Sports Regulations
1228	Nuclear Waste Materials
1229	Advertising Media
1230	Animal Pests (Crops)
1231	Various Decorative Arts
1232	Mollusks, Echinoderms and Prochordates
1233	Surfing and Water-Skiing
1234	Printing Processes - Various
1235	Restaurant Equipment
1236	Sociology of Work
1237	Amalgamation and Partnerships (Finance)
1238	Hormones
1239	Urinary Tract
1240	Highway Administration
1241	Political Systems
1242	Mechanical Transmission Systems
1243	Neuroses
1244	Plans and Specifications (Construction)
1245	Workplace Organization Research
1246	Bankruptcy
1247	The Executive (Constitutional Law)
1248	Mythology
1249	Titles of Regional and Municipal Government Programs
1250	Target Acquisition
1251	Earthmoving
1252	Man-Made Construction Materials
1253	Pig Raising
1254	Amateur Radio
1255	Writing Styles
1256	Materials Processing
1257	Tomography
1258	Concrete Construction
1259	Joining Processes (Metals)
1260	Biometrics
1261	Construction Methods
1262	Fueling Systems (Motor Vehicles)
1263	Research Laboratories and Centres
1264	Risks and Threats (Security)
1265	Electric Rotary Machines - Types
1266	Wind Energy
1267	Philosophy and Religion
1268	Pharmacodynamics
1269	Advertising Techniques
1270	The Executive (Public Administration)
1271	Interdisciplinary Studies
1272	Thermonuclear fusion
1273	Polar Geography
1274	Etiquette and Protocol
1275	Cold Storage
1276	Radioactive Contamination
1277	Radiation Protection
1278	Homeopathy
1279	Petroleum Asphalts
1280	Naval Dockyards
1281	Cultural Practices (Agriculture)
1282	Petroleum Cracking
1283	Petroleum Reforming
1284	Aerospace Medicine
1285	Law of Estates (common law)
1286	Titles of Municipal Bylaws and Regulations
1287	Social Legislation
1288	Special Forces (Military)
1289	Crocheting
1290	Dog and Cat Breeding
1291	Water Distribution (Water Supply)
1292	Liver and Biliary Ducts
1293	Private International Law (Private Law)
1294	Social Policy (General)
1295	Psychology of Communication
1296	Root and Tuber Crops
1297	Domestic Duties (General)
1298	Iron
1299	Standards and Regulations (Chemistry)
1300	Electronic Publishing
1301	Oilseed Crops
1302	Beekeeping
1303	Reptiles and Amphibians
1304	Prepared Dishes (Cooking)
1305	Restaurant Menus
1306	Farm Animals
1307	The Genitals
1308	Gold and Silver Mining
1309	Mosses and Related Plants
1310	Agricultural Engineering
1311	Various Sports
1312	Fruits and Vegetables (Types and Processing - Food Ind.)
1313	Regional Dialects and Expressions
1314	Animal Housing Facilities
1315	Mineral Processing (Metallurgy)
1316	Processing of Mineral Products
1317	Religious Sects - Various
1318	Life Insurance
1319	Law of Security
1320	Nuclear Law
1321	Highway Code
1322	Transportation Law
1323	Ballistics
1324	Laws of the Market (Economy)
1325	Aromatic Hydrocarbons
1326	Road Traffic
1327	Viticulture
1328	Funeral Services
1329	International Bodies (Intl. Law)
1330	Animal Behaviour
1331	Farm Equipment Storage Facilities
1332	Farm Buildings
1333	Farm Equipment
1334	Experimental Farms
1335	Animal Care Equipment (Farm equipment)
1336	Materials Handling
1337	Soil Conservation
1338	Raw Materials (Iron and Steel)
1339	Computer Processing of Language Data
1340	Semantics
1341	Logic (Philosophy)
1342	Ice Hockey
1343	Tools and Equipment (Mechanics)
1344	Hydroplanes and Hydrofoils
1345	Building Ventilation
1346	Waterproofing (Construction)
1347	Exhaust Systems (Motor Vehicles)
1348	Space Law
1349	Airborne Forces
1350	Air Terminals
1351	Pneumatic Transporting Systems
1352	Technical Surveys
1353	Land Equipment Maintenance
1354	Deck Department (Naval Forces)
1355	Paradrop and Airdrop
1356	Boilermaking
1357	General Mechanics (Physics)
1358	Stamp and Postmark Collecting
1359	Guerilla Warfare
1360	Neology and Linguistic Borrowing
1361	Fire Warning Devices
1362	Protection of Property
1363	Recipes
1364	Clay and Clay Products (Ceramics)
1365	Footwear (Clothing)
1366	Wrestling
1367	Dance
1368	Various Sports (General)
1369	Broomball
1370	Camping and Caravanning
1371	The Ear
1372	The Legislature (Public Administration)
1373	Plastic Arts (General)
1374	Team Sports
1375	Petroleum Technology
1376	Carpets and Floor Coverings
1377	Hotel Industry (General)
1378	Surveying
1379	Quarries
1380	Provincial Laws and Legal Docs. (Exc. Quebec)
1381	Research and Development (Petroleum Tech.)
1382	Tracks and Roadways (Rail Transport)
1383	Worms and Related Organisms
1384	Rough Carpentry
1385	Speleology
1386	Tourist Activities
1387	Classical Music
1388	Aluminum
1389	Games of Chance
1390	Laundry Work
1391	Housework
1392	Signalling and Illumination (Water Transp.)
1393	Aluminum Alloys
1394	Flight Controls (Aeroindustry)
1395	Lace (Embroidery)
1396	Cognitive Psychology
1397	The Stars (Astronomy)
1398	Winemaking
1399	Quarried Stone - Various
1400	Rugby
1401	Non-Canadian Laws and Legal Documents
1402	Chimneys (Building Elements)
1403	Fire-Fighting Apparel
1404	Furniture Industries
1405	Wood Finishing
1406	Metal Fasteners
1407	Bronchi
1408	Respiratory Tract
1409	Law on Use of Air Space
1410	Judaism
1411	Water Sports (General)
1412	Control Systems (Electronic Instrumentation)
1413	Diving (Naval Forces)
1414	Springs (Mechanical Components)
1415	History of Religions
1416	Aliphatic or Acyclic Hydrocarbons
1417	Space Weapons
1418	Electrical Measurements
1419	Metal Finishing
1420	Solar Power Plants
1421	Fashion and Styles (Clothing)
1422	Fuel Blocks (Coal-Derived Fuels)
1423	Bodywork and Framework (Motor Vehicles)
1424	Joints and Connections (Construction)
1425	Metal Construction Techniques
1426	Conductors and Resistors
1427	Above-Ground Transmission Systems (Electr.)
1428	Aluminum Products
1429	Aluminum Production
1430	Nonferrous Metals
1431	Neurosurgery
1432	Humanities and Social Sciences
1433	Footware and Shoe Repair
1434	Hobbies
1435	Petroleum Deposits
1436	Naval Mines
1437	National History
1438	Calorimetry
1439	Conservative Dentistry
1440	Modes of Transport (Tourism)
1441	Baseball and Softball
1442	Storage of Oil and Natural Gas
1443	Pricing Methods (Hotels)
1444	Printing for Blind Persons
1445	Chemotherapy
1446	Mining Wastes
1447	Culinary Techniques
1448	Fibre Crops
1449	Concrete Preparation and Mixing
1450	Plate Tectonics
1451	Amphibious Forces
1452	Orthoses
1453	Electrical Systems
1454	Animal Hygiene and Sanitation (Agric.)
1455	Sentencing
1456	Regulations (Urban Studies)
1457	Packaging Standards and Regulations
1458	Social Law
1459	Emblems (History)
1460	Distilling Industries (Food Ind.)
1461	Railroad Safety
1462	Space Warfare
1463	Roads
1464	Criminal Psychology
1465	Airport Industrial Areas
1466	Algae
1467	Land Equipment (Military)
1468	Morphology and General Physiology
1469	Silk (Textiles)
1470	Cooking and Gastronomy (General)
1471	Animal Biology
1472	Veterinary Surgery
1473	Animal Science
1474	Fur Farming
1475	Glasses (table setting)
1476	Wine Service
1477	Official Ceremonies
1478	Prizes and Trophies (Sports)
1479	Industrial Raw Materials
1480	Materials Storage
1481	Extinguishing Agents
1482	The Earth (Astronomy)
1483	Global Pollution
1484	Mining Topography
1485	Exterior Covering Materials
1486	Binders and Mastics (Constr.)
1487	Concrete Facilities and Equipment
1488	Strength of Materials
1489	Body Movements (Sports)
1490	Palletization
1491	Carpets and Upholstery Textiles
1492	Human Geography
1493	String Instruments
1494	Sewing Patterns
1495	Hosiery and Apparel Industry (Textiles)
1496	Occupational Law
1497	Titles of Legal Codes
1498	Machine Embroidery
1499	Needle Embroidery
1500	Road Names
1501	General Warehousing
1502	Shipping and Delivery
1503	Maritime Organizations
1504	Transportation Insurance
1505	The Moon (Astronomy)
1506	Water Sports
1507	Underwater Diving (Sports)
1508	Astrology
1509	Heating
1510	Planets
1511	Ear, Nose and Larynx (Medicine)
1512	Cement Industry
1513	Masonry Materials
1514	Nonwoven Textiles
1515	Chains and Cables (Mechanical Components)
1516	Archery
1517	Architectural Design
1518	Architectural Styles
1519	Metal Construction
1520	Finish Carpentry
1521	Residential Architecture
1522	Outfitting of Ships
1523	Occupation Names
1524	Coal Preparation
1525	Foundation Engineering
1526	Turbines
1527	Maple-Sugar Industry
1528	HVAC Distribution Systems
1529	Games and Toys
1530	Arts (General)
1531	Bones and Joints
1532	Embryology
1533	Stained Glass
1534	Weaving Arts
1535	Dust Removal
1536	Centrifugal Pumps
1537	Underwater Navigation Equipment
1538	The Larynx
1539	Correction and Proofreading (Printing)
1540	Soccer (Europe: Football)
1541	Craft Industries
1542	Nuclear Medicine
1543	Reinsurance and Coinsurance
1544	The Thyroid
1545	Hair Styling
1546	Makeup and Costumes
1547	Weed Science
1548	Equipment (Oil and Natural Gas Extraction)
1549	Plumbing Tools and Equipment
1550	Weapon Systems (Land Forces)
1551	Road Construction
1552	Sociology of Recreation
1553	School Equipment
1554	Urban Furnishings and Equipment
1555	Construction Tools
1556	Plumbing
1557	The Judiciary (Public Administration)
1558	Automatic Control Engineering
1559	Fire-Fighting Services
1560	Erosion and Weathering (Geol.)
1561	Masonry Practice
1562	Semiconductors (Electronics)
1563	Ear, Nose and Throat Surgery
1564	Glass Manufacturing
1565	Furniture (Various)
1566	Food Preservation and Canning
1567	Popular Music
1568	The Mouth
1569	Conservation and Repair of Books
1570	Transport of Wood
1571	Glues and Adhesives (Industries)
1572	Paper Manufacturing Processes
1573	Interior Decorations
1574	Chocolate and Confectionery
1575	Noodles and Pasta
1576	Harvesting Techniques
1577	Terra Cotta
1578	Facilities and Instruments (Astronomy)
1579	Arts and Culture (General)
1580	Materials Storage Equipment
1581	Ship Piloting
1582	Precious Metals (Metallurgy)
1583	Inspection of Surfaces (Materials Engineering)
1584	Practical Astronomy
1585	Soil Tests (Construction)
1586	Rhetoric
1587	Light Precision Instruments
1588	Tapestry Arts
1589	Physics of Solids
1590	Astrophysics and Cosmography
1591	Astrochemistry and Cosmochemistry
1592	Psychoses
1593	Garages and Service Stations
1594	Motivation and Advertising Psychology
1595	Teleprinters and Telex Networks
1596	Surface Treatment of Metals
1597	Time-Controlled Automated Systems
1598	Climate-Control Equipment (Motor Vehicles)
1599	Upward-Pushing Apparatus
1600	Steering Systems (Motor Vehicles and Bicycles)
1601	Interiors (Motor Vehicles)
1602	Marine Terminals
1603	Freeways and Expressways
1604	Ship Engineering (Naval Forces)
1605	Electronic Circuits Technology
1606	Political Theories and Doctrines
1607	Papermaking Machines
1608	Lymphatic System
1609	Wheels and Tires (Motor Vehicles and Bicycles)
1610	Disabled Sports
1611	Wood Drying
1612	Motorcycles and Snowmobiles
1613	Toiletries
1614	Natural Construction Materials
1615	Paper or Paperboard Goods
1616	Magnetism
1617	Subway
1618	Statistical Methods
1619	Telephone Exchanges
1620	Vertebrae and Bone Marrow
1621	Vascular Surgery
1622	Children's Clothing
1623	Construction Site Equipment
1624	Group Dynamics
1625	Baggage Handling
1626	Ferrous Alloys
1627	Rail Networks
1628	Variety Shows and Circuses
1629	The Lungs
1630	Facilities and Equipment (Rubber)
1631	Torpedoes
1632	Sheep Raising
1633	Interior Covering Materials
1634	Lace and Lacework (Textiles)
1635	Bowels
1636	Stoneware
1637	Military Ranks
1638	Electric Generating Systems
1639	Paramilitary
1640	Cellars and Basements
1641	Tolerances and Modular Co-ordination (Construction)
1642	Interior Design
1643	Office Furniture
1644	Coal-Derived Fuels
1645	Mining of Organic Materials
1646	Antique Ceramics (Museums and Heritage)
1647	Porcelain and Fine Ceramics
1648	Road Construction Equipment
1649	Urban Sociology
1650	Metal Forging
1651	Office Machinery
1652	Storage Cells (Electr.)
1653	Telegraph Equipment
1654	Wireless Telegraphy
1655	Routes of Administration (Pharmacology)
1656	Pastries
1657	Drying Equipment (Air Cond. and Heating)
1658	Adaptive Automated Systems
1659	Response Systems (Electronic Instrumentation)
1660	Monument Names
1661	Urban Renewal
1662	Embroidery (General)
1663	Upholstery
1664	Irrigation (Civil Engineering)
1665	Foundry Practice
1666	Tidal Power Stations
1667	Wave-Energy Power Plants
1668	Ovens and Baking (Ceramics)
1669	Refractory Materials (Metallurgy)
1670	Small Household Appliances
1671	Facsimile
1672	Gravity (Physics)
1673	Paging Systems
1674	Histology
1675	Layout (Graphic Arts)
1676	Electric Motors
1677	Electrostatic Equipment: Various
1678	Heart Surgery
1679	National Honorary Distinctions (Non-Canadian)
1680	Types of Industrial Operations
1681	Equipment and Plant (Metallurgy)
1682	Glass Fabrics
1683	Sheet Metal Working
1684	Wheels (Mechanical Components)
1685	Dams and Causeways
1686	The Stomach
1687	Rheology
1688	Types of Glass
1689	Consumer Product Safety
1690	Magnetism and Electromagnetism
1691	Origin of Life and Speciation
1692	Cookies and Cookie Making
1693	Fire-Fighting Techniques
1694	Locks (Canals)
1695	Pottery
1696	Packaging in Paperboard
1697	Women's Clothing
1698	Fencing
1699	Architectural Drafting and Tools
1700	Combat Sports (General)
1701	Fire Regulations
1702	Regulations and Standards (Mechanics)
1703	Animal Feed Processing Equipment
1704	Regulations (Telephony and Microwave)
1705	Tin Mining
1706	Hotel Industry
1707	Crop Storage Facilities
1708	Coils and Windings (Electrical Components)
1709	Recording and Control Instrumentation
1710	Writing Instruments
1711	Wrought Metal Items and Antique Tools
1712	Bushel-Making
1713	Non-Governmental Provincial Honorary Distinctions
1714	Seeding and Planting Equipment
1715	Crystal (Glass Industry)
1716	Destructive and Non-destructive Tests (Mat.)
1717	Life-Saving (Water Sports)
1718	Genealogy
1719	Installation and Maintenance (Electrical)
1720	Mushroom Growing
1721	Ringette
1722	Library Supplies and Equipment
1723	Industrial Electrical Equipment
1724	Thermal Springs - Uses
1725	Telegraphic Networks and Operations
1726	Petroleum Technology - Instrumentation
1727	Construction Works (Railroads)
1728	Pastries (Cooking)
1729	Inks and Colour Reproduction (Graphic Arts)
1730	Finish Carpentry (Wood Industries)
1731	Demolition
1732	Lead, Zinc, Thallium and Cadmium Mining
1733	Trucks and Dollies (Materials Handling)
1734	Radiobiology
1735	Pre-Fire Planning
1736	Estimating (Construction)
1737	Construction Sites
1738	Lathe Work (Machine-Tooling)
1739	Genitourinary Surgery
1740	Depots and Terminals (Road Transport)
1741	Oil Refining
1742	Smoker's Articles
1743	Silk-Screen Printing
1744	Ship Maintenance
1745	Storage of Water
1746	Gas and Oil Heating
1747	Keyboard Instruments
1748	Ship's Organization (Military)
1749	Metal Shaping
1750	Power Networks and Distrib. Stations (Elec.)
1751	Chutes, Spouts and Conveyors
1752	Cultivating and Tilling Equipment
1753	Telephone Wires and Cables
1754	Radio Interference
1755	Light Metals
1756	Thermal Power Stations
1757	Graphic Reproduction
1758	Restoration of Works of Art (Museums and Heritage)
1759	Packaging in Paper
1760	Illumination Engineering
1761	Properties of Paper
1762	Pricing Theory
1763	Automatic Control (Machine Tools)
1764	Types of Restaurants
1765	Electrical Machining
1766	Fixed Rescue Facilities (fire)
1767	Welding - Various Processes
1768	Containers
1769	Elevators
1770	Lighting (Construction)
1771	Magnetic and Electromagnetic Prospecting
1772	Measurements of Magnetism
1773	Cabinetmaking
1774	Commercial Practice (Restaurants)
1775	Deep Drilling (Mines)
1776	Construction Site Organization
1777	Plant Breeding
1778	Ropemaking
1779	Furs and Fur Industry
1780	Natural History
1781	Oil and Gas Distribution Facilities
1782	Chromium, Molybdenum and Tungsten Mining
1783	Power Transmission Techniques
1784	Aerotrains (Rail Transport)
1785	Air Cushions (Mechanics)
1786	Household Utensils and Appliances
1787	Restaurant Industry
1788	Heat Treatment of Metals
1789	Personal Care and Hygiene
1790	Cryogenics
1791	Cartwright and Wheelwright Trades
1792	Household Linens (General)
1793	Packaging in Metal
1794	Birth Rate
1795	Brushes and Brush Manufacturing
1796	Domestic Duties
1797	Sports Equipment Manufacture
1798	Applications of Concrete
1799	Parapsychology
1800	Hypophysis
1801	Union Activities
1802	Fences and Enclosures
1803	Fertilizing Equipment
1804	Fuels and Types of Hearths
1805	Geothermal Energy
1806	Plywood
1807	Heat Exchangers
1808	Knitting Crafts
1809	Sewing
1810	Hats and Millinery
1811	Lacrosse
1812	Prefabrication
1813	Cooking Appliances
1814	Microwave Technology (Telecommunications)
1815	Packaging Machinery and Equipment
1816	Petroleum Technology - Equipment
1817	Petroleum Technology - Safety
1818	Reconstituted-Wood Products
1819	Intaglio Printing
1820	Rabbit Farming
1821	Canals
1822	Personal Care and Hygiene (General)
1823	Table Service (Restaurants)
1824	Smallwares
1825	Overhead Cableways
1826	Occult Sciences
1827	Fuel Cells (Electr.)
1828	Typography
1829	Manufactured Products (Rubber)
1830	Wallpapering and Painting
1831	Wood Turning and Lathing
1832	Classification of Coal
1833	Conductivity and Superconductivity (Electricity)
1834	Naval Equipment Maintenance
1835	Fungal Diseases (Mycoses)
1836	Capacitors (Static Electr.)
1837	Veterinary Hygiene
1838	Railroad Stations
1839	Interplanetary Space Exploration
1840	Showplaces and Facilities (Performing Arts)
1841	Casting and Patternmaking (Metal Processing)
1842	Electrokinetics
1843	Electrostatics
1844	Stairs and Stairways
1845	Notarial Practice (civil law)
1846	Transportation of the Future
1847	Aerial-Photography Prospecting
1848	Steam Turbines
1849	Installation of Electrical Equipment
1850	Barrel and Cask Making
1851	Extraction Procedures - Various (Mining)
1852	Types of Skins and Hides (Leather Ind.)
1853	Supports and Reinforcement (Construction)
1854	Urban Integration
1855	Percussion Instruments
1856	Leather Industry
1857	Metering Instruments
1858	Metal Joining Processes - Various
1859	Electrometallurgy
1860	Civil Architecture
1861	Microbial Ecology
1862	Farm Implements and Gardening Tools
1863	Textile Packaging
1864	Embroidery
1865	Deep Foundations
1866	Ceramic Raw Materials
1867	Lining of Mineshafts and Passages
1868	Vending Machines
1869	Placement of Concrete
1870	General Dictionaries and Encyclopedias
1871	Mixed Drinks
1872	Fireproofing
1873	Metal Framework Elements
1874	Labelling (Oil and Natural Gas Distrib.)
1875	Human Biological Requirements
1876	Solvents and Petroleum Spirits
1877	Bast Fibres (Textiles)
1878	Engraving and Printmaking (Arts)
1879	Compressed and Liquefied Gas (Petroleum)
1880	Telegraphic Switching
1881	Transport Tolls and Rates
1882	Drying Techniques (Farming)
1883	Tanning and Currying By-Products (Leather Ind.)
1884	Desertification
1885	Idiomatic Expressions
1886	Law of Succession (civil law)
1887	Experimental Education
1888	Economic Geography
1889	Stationary Equipment (Railroads)
1890	Thermoelectricity and Thermoelectronics
1891	Ionization (Electr. Engineering)
1892	Deterioration of Metals
1893	The Sun (Astronomy)
1894	Shunting Operations (Railroads)
1895	Furnaces and Ovens (Metallurgy)
1896	Glass Molding
1897	Packaging Techniques
1898	Handwriting Analysis and Cryptography
1899	Crop Conservation and Storage
1900	Grammar
1901	Electronic Measurements
1902	Blasting (Construction)
1903	Cooling and Ventilating Systems
1904	Thermoanalysis
1905	Sewing Notions
1906	Mine Water Drainage
1907	Shipbuilding Yards and Docks
1908	Epistemology
1909	Construction Finishing
1910	Language Problems (General)
1911	Underground Mining
1912	Derricks (Construction Sites)
1913	Maintenance of Electrical Equipment
1914	City of the Future (Urban Studies)
1915	Lighting Fixtures
1916	Storehouses and Warehouses
1917	Coal Gas (Mines)
1918	Water Collection (Water supply)
1919	Posology
1920	Small Electric Tools
1921	Drilling and Boring (Construction)
1922	Electrical Components
1923	Dactyloscopy
1924	Wood Furniture Manufacture
1925	Types of Hearths (Heating)
1926	Various Drinks - Service
1927	Compressors
1928	Ignition Systems (Motor Vehicles)
1929	Mine Passages
1930	Farm Tractors
1931	Brazing (Metals)
1932	Synchronized Swimming
1933	Ore Extraction and Transport
1934	Electric Heating
1935	Woodworking
1936	Electrical Domestic Appliances
1937	Pricing (Electricity)
1938	Replenishment at Sea (Military)
1939	Eating Utensils and Cutlery
1940	Insulated Transmission Cabling
1941	Conservation of Electricity
1942	Property Upkeeping
1943	Wood Fibre
1944	Opening and Closing Devices (Packaging)
1945	Electrical Measuring: Practice
1946	Metal Forming
1947	Serving Dishes
1948	Theoretical Astronomy
1949	Piezoelectricity
1950	Cast Iron
1951	Dry Cells
1952	Xylology (The Study of Wood)
1953	Interior Design (General)
1954	Fermentation Techniques (Farming)
1955	Expropriation Law
1956	Pulleys and Belts
1957	Couplings (Mechanical Components)
1958	Site Development
1959	Bearings and Bearing Systems (Mechanical Components)
1960	Induction (Magnetism)
1961	Rural Law
1962	Permanent Magnets
1963	Harmonization of Federal Laws
1964	Mineral Springs
1965	Organic Psychoses
1966	Dielectric Materials (Electronics)
1967	Oral Mucosa, Salivary Glands and Tonsils
1968	Inspection for Defects (Materials Engineering)
1969	Hydraulic Turbines
1970	Dental Surgery
1971	Winches
1972	Cork
1973	Underwear
1974	Trimming and Embroidery
1975	Leather Bags, Baggage and Satchels
1976	Dishes
1977	Symbolism and Psychology of Language
1978	Structural Testing (Materials)
1979	Do-it-yourself (Hobbies)
1980	Evolution (Biology)
1981	Animal Anatomy
1982	Smelting of Metal
1983	Gas Turbines
1984	Gasoline Motors
1985	Mine Ventilation, Heating and Lighting
1986	Transformation of Momentum (Mechanical Components)
1987	Presses (Machinery)
1988	Mineral Prospecting Equipment
1989	Metal Arts and Crafts
1990	Surveying Instruments
1991	Glazing Materials (Constr.)
1992	Plate or Sheet Glass
1993	Petroleum Distillation
1994	Inlaying Work (Wood Industries)
1995	Goat Raising
1996	Anecdotal History
1997	Gravel and Sand Production
1998	Platemaking (Printing)
1999	Phonetics
2000	Surface Mining
2001	Organic Ores - Various
2002	Signalling (Transportation)
2003	Metal Beams and Girders
2004	Coal Gasification
2005	Metal-Coating
2006	Gasifiers
2007	Incubators and Hatcheries
2008	Kinematics
2009	Hydromechanics
2010	High-Temperature Technology (Mechanics)
2011	Exhaust Systems (Mechanical Components)
2012	Sanding and Polishing of Metals
2013	Proper Usage
2014	Grinding (Machine-Tooling)
2015	Household Refrigerators and Freezers
2016	Milking Equipment (Agriculture)
2017	Hydrotherapy
2018	Skin Appendages
2019	Hydraulic Hoisting and Lifting
2020	Formed Sections Working
2021	Volumetric Pumps
2022	Gantry and Travelling Cranes
2023	Cofferdams and Dewatering (Construction)
2024	Hospital Furniture
2025	Processing of Construction Materials
2026	Thermography
2027	Governmental Honorary Distinctions (Non-Canadian)
2028	Law of Trusts (common law)
2029	Leatherworking Procedures
2030	Vacuum Machines
2031	Servomechanisms
2032	Protection and Safety (Electrical Engineering)
2033	High Fashion (Clothing)
2034	Tin (Metallurgy)
2035	Road Construction Materials
2036	Living Matter - General Properties
2037	Diachronic Linguistics and Etymology
2038	Lead (Metallurgy)
2039	Zinc (Metallurgy)
2040	Architectural Elements
2041	Road Design
2042	Phobias
2043	Coke
2044	Machine Knitting
2045	Metal Quenching
2046	Experimental Psychology
2047	Obstetric Surgery
2048	Rubber Processing
2049	Control Systems (Motor Vehicles)
2050	Towels and Cloths
2051	Psychological Warfare
2052	Accessory Materials (Pulp and Paper)
2053	Continuous Handling
2054	Panels and Supporting Framework (Electronics)
2055	Ornamental Timepieces
2056	Non-impact Printing
2057	Laser Printing
2058	Ashlar and Building Stone (Quarrying)
2059	Manias
2060	Interior and Exterior Threading (Metals)
2061	Cropping and Crop Rotation
2062	Jaw, Gums and Parodontium
2063	Electronic Music
2064	Electrical Appliances and Equip. : Repairs
2065	Baskets and Basketmaking
2066	The Esophagus
2067	Swaging of Metals
2068	Calcareous Rock (Quarrying)
2069	Materials Identification Methods
2070	Smelting (Metal Processing)
2071	Assembly Mechanics
2072	High Frequencies (Electrical Engineering)
2073	Incendiary Weapons
2074	Tire Manufacturing
2075	Boring (Machine-Tooling)
2076	Ground-Drilling Facilities (Mining)
2077	Characterology
2078	Surface Coating (Metals)
2079	Raw Materials (Rubber)
2080	Clay Working Methods (Ceramics)
2081	Escalators
2082	Secondary Fibres (Textile)
2083	The Nose (Medicine)
2084	Sailing
2085	Ethnobiology
2086	Embroidery Notions
2087	Oxygen Cutting (Metals)
2088	Preoperative and Postoperative Treatment
2089	Glass Polishing
2090	Bitumen and Bituminous Shales
2091	Leather Staining
2092	Testing and Quality Control (Packaging)
2093	Static Electricity Generators
2094	Shallow Foundations
2095	Ornamental Locksmithing and Metalworking
2096	Existentialist Doctrines
2097	Transport of Water (Water Supply)
2098	Manufacture of Furniture from Synthetic Materials
2099	Electrokinetics in Liquids and Solids
2100	Effects of Heat (Energy Transfer)
2101	Word Games
2102	Transformers and Inductance (Electronics)
2103	Plating of Metals
2104	Metal Bending
2105	Flexography (Printing)
2106	Tests and Simulations (Transportation)
2107	Electrolytical Processes (Metallurgy)
2108	Underground Planning (Urban Studies)
2109	Resistance Welding
2110	Clothing Storage
2111	Tube and Pipe Working
2112	Misintended Use
2113	School Law
2114	Physiognomy (Psychology)
2115	Die Stamping
2116	Knitting Crafts (General)
2117	Turboalternators and Turbogenerators
2118	Safety Devices (Mechanical Components)
2119	Light Metalworking Equipment
2120	Gas Engines
2121	Loads and Loading (Motor Vehicles)
2122	Solid Fuel Heating
2123	Finishing (Machine-Tooling)
2124	Mirrors
2125	Yoga and Pilates
2126	Suspension (Mechanical Components)
2127	Mineshaft Sinking
2128	Defects (Textiles)
2129	Precision Grinding
2130	Riveting (Metals)
2131	Electrical Relays
2132	Mineshaft and Mine Passage Accessories
2133	Accidents in Ground Boring (Mining)
2134	Gas Welding
2135	Foundation Waterproofing
2136	Scenic Design
2137	Family Law (civil law)
2138	Law of Civil Liability (civil law)
2139	Characteristics of Coal
2140	Physical Fitness, Training and Bodybuilding
2141	Sorters and Separators (Agr. Mach.)
2142	Semi-Finished Products (Rubber)
2143	Harvesting Equipment (Agriculture)
2144	Metal Bonding
2145	Monorail Systems (Continuous Handling)
2146	Pneumatic Hoisting and Lifting
2147	Blast Furnaces (Steelmaking)
2148	Alkylation (Petroleum)
2149	Galvanic Cells
2150	Highway and Street Lighting
2151	Bauxite Mining
2152	Shelters (Horticulture)
2153	Electrification
2154	Regulatory Systems (Electronic Instrumentation)
2155	Thermit Welding
2156	Qualities of Aluminum and Aluminum Alloys
2157	Metal Extrusion
2158	Analysis of Aluminum and Aluminum Alloys
2159	Preparation of Leather and Leather Articles
2160	Nonverbal Communication (Psychology)
2161	Excavation (Construction)
2162	Garden and Outdoor Furniture
2163	Traditional Construction Methods
2164	Aquariums and Fishkeeping (Hobbies)
2165	Metal Finishing Work (Constr.)
2166	Vocabulary of the Terminology Bank
2167	Drilling (Machine-Tooling)
2168	Lips and Tongue
2169	Tempering of Metals
2170	Geochemical Prospecting
2171	Slabs and Floor Surfacing (Building Elements)
2172	Intercoms
2173	Packaging in Wood
2174	Meaning (Language)
2175	Equipment (Plastics Manufacturing)
2176	Glass Beads and Small Glassware
2177	Automated Materials Handling
2178	Stationary Hoisting Apparatus
2179	Table Setting (General)
2180	Metal and Wire Drawing
2181	Skips and Buckets
2182	By-Products (Textile Industries)
2183	Artesian Wells
2184	Cutlery Manufacture
2185	Small Articles - Various (Manufacture)
2186	Purses, Wallets and Similar Articles
2187	Sorting Machines and Equipment
2188	Sequential Automated Systems
2189	Drop Forging
2190	Transfer Machines
2191	Babies' Clothing
2192	Table Setting
2193	Preparatory Mining Work
2194	Electrothermics
2195	Electrotyping and Stereotype Printing
2196	Flospinning
2197	Stators and Rotors (Electrical Components)
2198	Hand Knitting
2199	Finishing (Metal Processing)
2200	Metal Columns and Foundations
2201	Household Linens
2202	Paste Preparation and Shaping (Ceramics)
2203	Cut Glass
2204	Lifting Magnets
2205	Raw Materials (Glass Industry)
2206	Electronic Hoisting and Lifting
2207	Tricks and Novelties
2208	Mortising (Machine-Tooling)
2209	Hollow Glassware
2210	Planing (Machine-Tooling)
2211	Tanning and Tanning Oils (Leather Ind.)
2212	Metal Furniture Manufacture
2213	Table Linen
2214	Fluidization (Materials Handling)
2215	Broaching (Machine-Tooling)
2216	Bronzes and Brassware (Metal Arts)
2217	Non-Artesian Water Wells
2218	Roasting of Metal Ore
2219	Chamois, Calf Leather and Parchment (Leather Ind.)
2220	Petroleum Technology - Maintenance
2221	Origins and Composition of Coal
2222	Pig Iron and Cast Iron - Technology
2223	Raw Materials (Pulp and Paper)
2224	Metal Coating of Ceramic Articles
2225	Semicoke
2226	Heat Treatment: Intervening Factors (Metals)
2227	Cold Treatment of Metals
2228	Law (various)
2229	Tropospheric Scatter
2230	Quarrying Tools and Machinery
2231	Electric-Arc Heat Production
2232	Maple Syrup Production
2233	Crochet Embroidery
2234	Underground Roadways
2235	Glass Masonry Units
2236	Chemically Pure Iron - Technology
2237	Notions
2238	Relativity (Physics)
2239	By-Products and Waste Processing (Leather Ind.)
2240	Self-Teaching Automated Systems
2241	Aeronautics and Aerospace Industry
2242	Resistance Heating
2243	Granite Quarrying
2244	Marine Thermal-Energy Power Stations
2245	Polymerization Processes (Petroleum)
2246	Isomerization Processes (Petroleum)
2247	Magnetic-Induction Heating
2248	Regulations (Hoisting and Lifting)
2249	Pneumatic Telegraphy
2250	Process Annealing of Metals
2251	Glass Jewellery
